video_path,stimulus_id,label
/home/maryem/scratch/FER/Stims_Videos/Stims_Videos/Fear_Actor01.mp4,Actor01,Fear
/home/maryem/scratch/FER/Stims_Videos/Stims_Videos/Fear_Actor02.mp4,Actor02,Fear
/home/maryem/scratch/FER/Stims_Videos/Stims_Videos/Fear_Actor04.mp4,Actor04,Fear
/home/maryem/scratch/FER/Stims_Videos/Stims_Videos/Fear_Actor07.mp4,Actor07,Fear
/home/maryem/scratch/FER/Stims_Videos/Stims_Videos/Fear_Actor08.mp4,Actor08,Fear
/home/maryem/scratch/FER/Stims_Videos/Stims_Videos/Fear_Actor11.mp4,Actor11,Fear
/home/maryem/scratch/FER/Stims_Videos/Stims_Videos/Hapiness_Actor01.mp4,Actor01,Hapiness
/home/maryem/scratch/FER/Stims_Videos/Stims_Videos/Hapiness_Actor02.mp4,Actor02,Hapiness
/home/maryem/scratch/FER/Stims_Videos/Stims_Videos/Hapiness_Actor04.mp4,Actor04,Hapiness
/home/maryem/scratch/FER/Stims_Videos/Stims_Videos/Hapiness_Actor07.mp4,Actor07,Hapiness
/home/maryem/scratch/FER/Stims_Videos/Stims_Videos/Hapiness_Actor08.mp4,Actor08,Hapiness
/home/maryem/scratch/FER/Stims_Videos/Stims_Videos/Hapiness_Actor11.mp4,Actor11,Hapiness
/home/maryem/scratch/FER/Stims_Videos/Stims_Videos/Neutral_Actor01.mp4,Actor01,Neutral
/home/maryem/scratch/FER/Stims_Videos/Stims_Videos/Neutral_Actor02.mp4,Actor02,Neutral
/home/maryem/scratch/FER/Stims_Videos/Stims_Videos/Neutral_Actor04.mp4,Actor04,Neutral
/home/maryem/scratch/FER/Stims_Videos/Stims_Videos/Neutral_Actor07.mp4,Actor07,Neutral
/home/maryem/scratch/FER/Stims_Videos/Stims_Videos/Neutral_Actor08.mp4,Actor08,Neutral
/home/maryem/scratch/FER/Stims_Videos/Stims_Videos/Neutral_Actor11.mp4,Actor11,Neutral
